Name,Ticker,Identifier,SEDOL,Weight,Sector,Shares Held,Local Currency,,,,
NVIDIA CORP,NVDA,67066G104,2379504,8.007788,-,289359053.000,USD,,,,
MICROSOFT CORP,MSFT,594918104,2588173,6.770431,-,88149545.000,USD,,,,
APPLE INC,AAPL,037833100,2046251,6.646191,-,175991269.000,USD,,,,
AMAZON.COM INC,AMZN,023135106,2000019,3.793232,-,115091010.000,USD,,,,
BROADCOM INC,AVGO,11135F101,BDZ78H9,2.820101,-,55777048.000,USD,,,,
META PLATFORMS INC CLASS A,META,30303M102,B7TL820,2.701946,-,25721009.000,USD,,,,
ALPHABET INC CL A,GOOGL,02079K305,BYVY8G0,2.469382,-,68981934.000,USD,,,,
TESLA INC,TSLA,88160R101,B616C79,2.136281,-,33276647.000,USD,,,,
ALPHABET INC CL C,GOOG,02079K107,BYY88Y7,1.989177,-,55377283.000,USD,,,,
BERKSHIRE HATHAWAY INC CL B,BRK.B,084670702,2073390,1.590588,-,21745315.000,USD,,,,
JPMORGAN CHASE + CO,JPM,46625H100,2190385,1.450770,-,32607780.000,USD,,,,
ELI LILLY + CO,LLY,532457108,2516152,1.166752,-,9427375.000,USD,,,,
VISA INC CLASS A SHARES,V,92826C839,B2PZN04,1.035708,-,20142996.000,USD,,,,
NETFLIX INC,NFLX,64110L106,2857817,0.895329,-,5038641.000,USD,,,,
EXXON MOBIL CORP,XOM,30231G102,2326618,0.843500,-,50552532.000,USD,,,,
ORACLE CORP,ORCL,68389X105,2661568,0.828579,-,19650980.000,USD,,,,
MASTERCARD INC   A,MA,57636Q104,B121557,0.824626,-,9788477.000,USD,,,,
JOHNSON + JOHNSON,JNJ,478160104,2475833,0.792714,-,28556905.000,USD,,,,
WALMART INC,WMT,931142103,2936921,0.783728,-,52046200.000,USD,,,,
PALANTIR TECHNOLOGIES INC A,PLTR,69608A108,BN78DQ4,0.724391,-,26967078.000,USD,,,,
ABBVIE INC,ABBV,00287Y109,B92SR70,0.708826,-,20946692.000,USD,,,,
COSTCO WHOLESALE CORP,COST,22160K105,2701271,0.703970,-,5258559.000,USD,,,,
ADVANCED MICRO DEVICES,AMD,007903107,2007849,0.663287,-,19241503.000,USD,,,,
HOME DEPOT INC,HD,437076102,2434209,0.662589,-,11797483.000,USD,,,,
PROCTER + GAMBLE CO/THE,PG,742718109,2704407,0.612477,-,27774397.000,USD,,,,
BANK OF AMERICA CORP,BAC,060505104,2295677,0.589321,-,80800214.000,USD,,,,
UNITEDHEALTH GROUP INC,UNH,91324P102,2917766,0.581325,-,10738671.000,USD,,,,
GENERAL ELECTRIC,GE,369604301,BL59CR9,0.556713,-,12573575.000,USD,,,,
CHEVRON CORP,CVX,166764100,2838555,0.513884,-,22841112.000,USD,,,,
CISCO SYSTEMS INC,CSCO,17275R102,2198163,0.483237,-,46952480.000,USD,,,,
INTL BUSINESS MACHINES CORP,IBM,459200101,2005973,0.467839,-,11044526.000,USD,,,,
COCA COLA CO/THE,KO,191216100,2206657,0.444361,-,45924280.000,USD,,,,
WELLS FARGO + CO,WFC,949746101,2649100,0.443160,-,37982014.000,USD,,,,
PHILIP MORRIS INTERNATIONAL,PM,718172109,B2PKRQ3,0.419354,-,18455762.000,USD,,,,
CATERPILLAR INC,CAT,149123101,2180201,0.408148,-,5554558.000,USD,,,,
GOLDMAN SACHS GROUP INC,GS,38141G104,2407966,0.407868,-,3589319.000,USD,,,,
ABBOTT LABORATORIES,ABT,002824100,2002305,0.405463,-,20635301.000,USD,,,,
SALESFORCE INC,CRM,79466L302,2310525,0.398799,-,11334545.000,USD,,,,
RTX CORP,RTX,75513E101,BM5M5Y3,0.391486,-,15869941.000,USD,,,,
MICRON TECHNOLOGY INC,MU,595112103,2588184,0.381603,-,13267836.000,USD,,,,
LINDE PLC,LIN,G54950103,BNZHB81,0.380620,-,5559593.000,USD,,,,
MERCK + CO. INC.,MRK,58933Y105,2778844,0.374423,-,29613355.000,USD,,,,
MCDONALD S CORP,MCD,580135101,2550707,0.364504,-,8460653.000,USD,,,,
UBER TECHNOLOGIES INC,UBER,90353T100,BK6N347,0.359211,-,24724493.000,USD,,,,
THERMO FISHER SCIENTIFIC INC,TMO,883556102,2886907,0.351265,-,4476668.000,USD,,,,
WALT DISNEY CO/THE,DIS,254687106,2270726,0.349030,-,21316260.000,USD,,,,
SERVICENOW INC,NOW,81762P102,B80NXX8,0.330199,-,2467838.000,USD,,,,
PEPSICO INC,PEP,713448108,2681511,0.329783,-,16231299.000,USD,,,,
MORGAN STANLEY,MS,617446448,2262314,0.327622,-,14383467.000,USD,,,,
AT+T INC,T,00206R102,2831811,0.325655,-,84774904.000,USD,,,,
INTUIT INC,INTU,461202103,2459020,0.317770,-,3307123.000,USD,,,,
QUALCOMM INC,QCOM,747525103,2714923,0.313928,-,12786606.000,USD,,,,
LAM RESEARCH CORP,LRCX,512807306,BSML4N7,0.312972,-,15004015.000,USD,,,,
CITIGROUP INC,C,172967424,2297907,0.308848,-,21825131.000,USD,,,,
AMERICAN EXPRESS CO,AXP,025816109,2026082,0.304945,-,6435125.000,USD,,,,
APPLIED MATERIALS INC,AMAT,038222105,2046552,0.302823,-,9513694.000,USD,,,,
VERIZON COMMUNICATIONS INC,VZ,92343V104,2090571,0.302258,-,49986998.000,USD,,,,
NEXTERA ENERGY INC,NEE,65339F101,2328915,0.300227,-,24411998.000,USD,,,,
APPLOVIN CORP CLASS A,APP,03831W108,BMV3LG4,0.295750,-,3209442.000,USD,,,,
BOEING CO/THE,BA,097023105,2108601,0.295591,-,8964594.000,USD,,,,
GE VERNOVA INC,GEV,36828A101,BP6H4Y1,0.295386,-,3227272.000,USD,,,,
BLACKROCK INC,BLK,09290D101,BMZBBT7,0.291062,-,1707256.000,USD,,,,
BOOKING HOLDINGS INC,BKNG,09857L108,BDRXDB4,0.288577,-,384308.000,USD,,,,
TEXAS INSTRUMENTS INC,TXN,882508104,2885409,0.286428,-,10778023.000,USD,,,,
INTEL CORP,INTC,458140100,2463247,0.284748,-,51985226.000,USD,,,,
ARISTA NETWORKS INC,ANET,040413205,BL9XPM3,0.281355,-,12217977.000,USD,,,,
INTUITIVE SURGICAL INC,ISRG,46120E602,2871301,0.278657,-,4249551.000,USD,,,,
SCHWAB (CHARLES) CORP,SCHW,808513105,2779397,0.277635,-,20228162.000,USD,,,,
US DOLLAR,-,999USDZ92,-,0.277504,-,1896302785.000,USD,,,,
AMGEN INC,AMGN,031162100,2023607,0.275156,-,6381974.000,USD,,,,
ACCENTURE PLC CL A,ACN,G1151C101,B4BNMY3,0.273359,-,7383918.000,USD,,,,
TJX COMPANIES INC,TJX,872540109,2989301,0.272331,-,13225452.000,USD,,,,
AMPHENOL CORP CL A,APH,032095101,2145084,0.266432,-,14473695.000,USD,,,,
S+P GLOBAL INC,SPGI,78409V104,BYV2325,0.261533,-,3704515.000,USD,,,,
ADOBE INC,ADBE,00724F101,2008154,0.256675,-,5029013.000,USD,,,,
GILEAD SCIENCES INC,GILD,375558103,2369174,0.254533,-,14708985.000,USD,,,,
EATON CORP PLC,ETN,G29183103,B8KQN82,0.254401,-,4614895.000,USD,,,,
PFIZER INC,PFE,717081103,2684703,0.253284,-,67398631.000,USD,,,,
PALO ALTO NETWORKS INC,PANW,697435105,B87ZMX0,0.252354,-,7917911.000,USD,,,,
BOSTON SCIENTIFIC CORP,BSX,101137107,2113434,0.248801,-,17565518.000,USD,,,,
PROGRESSIVE CORP,PGR,743315103,2705024,0.247174,-,6949089.000,USD,,,,
KLA CORP,KLAC,482480100,2480138,0.243244,-,1564284.000,USD,,,,
UNION PACIFIC CORP,UNP,907818108,2914734,0.239336,-,7029816.000,USD,,,,
CAPITAL ONE FINANCIAL CORP,COF,14040H105,2654461,0.235101,-,7580906.000,USD,,,,
HONEYWELL INTERNATIONAL INC,HON,438516106,2020459,0.231130,-,7526380.000,USD,,,,
LOWE S COS INC,LOW,548661107,2536763,0.230995,-,6643740.000,USD,,,,
DANAHER CORP,DHR,235851102,2250870,0.226580,-,7554239.000,USD,,,,
STRYKER CORP,SYK,863667101,2853688,0.224006,-,4078784.000,USD,,,,
CROWDSTRIKE HOLDINGS INC   A,CRWD,22788C105,BJJP138,0.220499,-,2954732.000,USD,,,,
MEDTRONIC PLC,MDT,G5960L103,BTN1Y11,0.217523,-,15187808.000,USD,,,,
BLACKSTONE INC,BX,09260D107,BKF2SL7,0.207730,-,8737572.000,USD,,,,
ANALOG DEVICES INC,ADI,032654105,2032067,0.204820,-,5882496.000,USD,,,,
AUTOMATIC DATA PROCESSING,ADP,053015103,2065308,0.204249,-,4801235.000,USD,,,,
CONOCOPHILLIPS,COP,20825C104,2685717,0.203103,-,14804194.000,USD,,,,
ROBINHOOD MARKETS INC   A,HOOD,770700102,BP0TQN6,0.202527,-,9173148.000,USD,,,,
DEERE + CO,DE,244199105,2261203,0.201301,-,2985518.000,USD,,,,
CONSTELLATION ENERGY,CEG,21037T109,BMH4FS1,0.201023,-,3702637.000,USD,,,,
COMCAST CORP CLASS A,CMCSA,20030N101,2044545,0.196565,-,43653468.000,USD,,,,
WELLTOWER INC,WELL,95040Q104,BYVYHH4,0.196231,-,7927946.000,USD,,,,
ALTRIA GROUP INC,MO,02209S103,2692632,0.190626,-,19911843.000,USD,,,,
T MOBILE US INC,TMUS,872590104,B94Q9V0,0.190205,-,5736407.000,USD,,,,
VERTEX PHARMACEUTICALS INC,VRTX,92532F100,2931034,0.187297,-,3039024.000,USD,,,,
PROLOGIS INC,PLD,74340W103,B44WZD7,0.186720,-,11000409.000,USD,,,,
CHUBB LTD,CB,H1467J104,B3BQMF6,0.184634,-,4394589.000,USD,,,,
SOUTHERN CO/THE,SO,842587107,2829601,0.183513,-,13038289.000,USD,,,,
LOCKHEED MARTIN CORP,LMT,539830109,2522096,0.183168,-,2435049.000,USD,,,,
DOORDASH INC   A,DASH,25809K105,BN13P03,0.180448,-,4387396.000,USD,,,,
MARSH + MCLENNAN COS,MMC,571748102,2567741,0.174589,-,5826827.000,USD,,,,
CVS HEALTH CORP,CVS,126650100,2577609,0.169671,-,15071282.000,USD,,,,
DUKE ENERGY CORP,DUK,26441C204,B7VD3F2,0.168902,-,9216486.000,USD,,,,
NEWMONT CORP,NEM,651639106,2636607,0.168408,-,13018147.000,USD,,,,
PARKER HANNIFIN CORP,PH,701094104,2671501,0.166977,-,1514620.000,USD,,,,
CME GROUP INC,CME,12572Q105,2965839,0.165592,-,4271020.000,USD,,,,
CADENCE DESIGN SYS INC,CDNS,127387108,2302232,0.165417,-,3229625.000,USD,,,,
TRANE TECHNOLOGIES PLC,TT,G8994E103,BK9ZQ96,0.164549,-,2637225.000,USD,,,,
MCKESSON CORP,MCK,58155Q103,2378534,0.163054,-,1474322.000,USD,,,,
INTERCONTINENTAL EXCHANGE IN,ICE,45866F104,BFSSDS9,0.158228,-,6784484.000,USD,,,,
STARBUCKS CORP,SBUX,855244109,2842255,0.157804,-,13472572.000,USD,,,,
BRISTOL MYERS SQUIBB CO,BMY,110122108,2126335,0.157239,-,24123992.000,USD,,,,
SYNOPSYS INC,SNPS,871607107,2867719,0.157055,-,2193120.000,USD,,,,
GENERAL DYNAMICS CORP,GD,369550108,2365161,0.152135,-,3000825.000,USD,,,,
COINBASE GLOBAL INC  CLASS A,COIN,19260Q107,BMC9P69,0.151885,-,2680040.000,USD,,,,
AMERICAN TOWER CORP,AMT,03027X100,B7FBFL2,0.150719,-,5549496.000,USD,,,,
NORTHROP GRUMMAN CORP,NOC,666807102,2648806,0.148924,-,1595204.000,USD,,,,
KKR + CO INC,KKR,48251W104,BG1FRR1,0.148423,-,8131487.000,USD,,,,
O REILLY AUTOMOTIVE INC,ORLY,67103H107,B65LWX6,0.148277,-,10056017.000,USD,,,,
3M CO,MMM,88579Y101,2595708,0.144103,-,6312288.000,USD,,,,
NIKE INC  CL B,NKE,654106103,2640147,0.142147,-,14059238.000,USD,,,,
THE CIGNA GROUP,CI,125523100,BHJ0775,0.142006,-,3163351.000,USD,,,,
ELEVANCE HEALTH INC,ELV,036752103,BSPHGL4,0.141480,-,2668199.000,USD,,,,
WASTE MANAGEMENT INC,WM,94106L109,2937667,0.141382,-,4391866.000,USD,,,,
MONDELEZ INTERNATIONAL INC A,MDLZ,609207105,B8CKK03,0.138371,-,15334869.000,USD,,,,
AON PLC CLASS A,AON,G0403H108,BLP1HW5,0.136633,-,2555339.000,USD,,,,
ARTHUR J GALLAGHER + CO,AJG,363576109,2359506,0.136468,-,3038205.000,USD,,,,
EQUINIX INC,EQIX,29444U700,BVLZX12,0.136385,-,1159725.000,USD,,,,
SHERWIN WILLIAMS CO/THE,SHW,824348106,2804211,0.135823,-,2749462.000,USD,,,,
ROYAL CARIBBEAN CRUISES LTD,RCL,V7780T103,2754907,0.135072,-,2993748.000,USD,,,,
WILLIAMS COS INC,WMB,969457100,2967181,0.134474,-,14471218.000,USD,,,,
HOWMET AEROSPACE INC,HWM,443201108,BKLJ8V2,0.133980,-,4777172.000,USD,,,,
MOTOROLA SOLUTIONS INC,MSI,620076307,B5BKPQ4,0.133553,-,1974268.000,USD,,,,
MOODY S CORP,MCO,615369105,2252058,0.131122,-,1828257.000,USD,,,,
PNC FINANCIAL SERVICES GROUP,PNC,693475105,2692665,0.129876,-,4667100.000,USD,,,,
EMERSON ELECTRIC CO,EMR,291011104,2313405,0.129752,-,6669559.000,USD,,,,
BANK OF NEW YORK MELLON CORP,BK,064058100,B1Z77F6,0.129654,-,8357565.000,USD,,,,
US BANCORP,USB,902973304,2736035,0.126817,-,18442180.000,USD,,,,
PAYPAL HOLDINGS INC,PYPL,70450Y103,BYW36M8,0.126119,-,11320410.000,USD,,,,
TRANSDIGM GROUP INC,TDG,893641100,B11FJK3,0.125946,-,669321.000,USD,,,,
ECOLAB INC,ECL,278865100,2304227,0.124536,-,3024725.000,USD,,,,
JOHNSON CONTROLS INTERNATION,JCI,G51502105,BY7QL61,0.123042,-,7754327.000,USD,,,,
HCA HEALTHCARE INC,HCA,40412C101,B4MGBG6,0.121078,-,1940980.000,USD,,,,
FISERV INC,FI,337738108,2342034,0.119252,-,6441392.000,USD,,,,
CINTAS CORP,CTAS,172908105,2197137,0.118086,-,4058826.000,USD,,,,
CORNING INC,GLW,219350105,2224701,0.117685,-,9236136.000,USD,,,,
AUTOZONE INC,AZO,053332102,2065955,0.116918,-,198361.000,USD,,,,
ILLINOIS TOOL WORKS,ITW,452308109,2457552,0.116264,-,3143347.000,USD,,,,
CSX CORP,CSX,126408103,2160753,0.116210,-,22089324.000,USD,,,,
AUTODESK INC,ADSK,052769106,2065159,0.115563,-,2535866.000,USD,,,,
NORFOLK SOUTHERN CORP,NSC,655844108,2641894,0.115392,-,2658372.000,USD,,,,
TE CONNECTIVITY PLC,TEL,G87052109,BRC3N84,0.114995,-,3501352.000,USD,,,,
QUANTA SERVICES INC,PWR,74762E102,2150204,0.114484,-,1764165.000,USD,,,,
VISTRA CORP,VST,92840M102,BZ8VJQ8,0.114071,-,3773878.000,USD,,,,
UNITED RENTALS INC,URI,911363109,2134781,0.110965,-,762568.000,USD,,,,
TRAVELERS COS INC/THE,TRV,89417E109,2769503,0.110371,-,2667319.000,USD,,,,
UNITED PARCEL SERVICE CL B,UPS,911312106,2517382,0.110322,-,8740632.000,USD,,,,
ZOETIS INC,ZTS,98978V103,B95WG16,0.110271,-,5251436.000,USD,,,,
AMERICAN ELECTRIC POWER,AEP,025537101,2026242,0.109978,-,6358658.000,USD,,,,
COLGATE PALMOLIVE CO,CL,194162103,2209106,0.109314,-,9576787.000,USD,,,,
FREEPORT MCMORAN INC,FCX,35671D857,2352118,0.106678,-,17012248.000,USD,,,,
HILTON WORLDWIDE HOLDINGS IN,HLT,43300A203,BYVMW06,0.106049,-,2786596.000,USD,,,,
SEMPRA,SRE,816851109,2138158,0.106038,-,7761390.000,USD,,,,
EOG RESOURCES INC,EOG,26875P101,2318024,0.105073,-,6497817.000,USD,,,,
MARRIOTT INTERNATIONAL  CL A,MAR,571903202,2210614,0.104693,-,2669656.000,USD,,,,
CUMMINS INC,CMI,231021106,2240202,0.104671,-,1639197.000,USD,,,,
CENCORA INC,COR,03073E105,2795393,0.104402,-,2296838.000,USD,,,,
AIR PRODUCTS + CHEMICALS INC,APD,009158106,2011602,0.103647,-,2637066.000,USD,,,,
SIMON PROPERTY GROUP INC,SPG,828806109,2812452,0.100894,-,3868331.000,USD,,,,
L3HARRIS TECHNOLOGIES INC,LHX,502431109,BK9DTN5,0.099860,-,2224501.000,USD,,,,
APOLLO GLOBAL MANAGEMENT INC,APO,03769M106,BN44JF6,0.099581,-,5452559.000,USD,,,,
REGENERON PHARMACEUTICALS,REGN,75886F107,2730190,0.099574,-,1206740.000,USD,,,,
MARATHON PETROLEUM CORP,MPC,56585A102,B3K3L40,0.099473,-,3602046.000,USD,,,,
AXON ENTERPRISE INC,AXON,05464C101,BDT5S35,0.099021,-,930220.000,USD,,,,
TRUIST FINANCIAL CORP,TFC,89832Q109,BKP7287,0.098683,-,15277334.000,USD,,,,
NXP SEMICONDUCTORS NV,NXPI,N6596X109,B505PN7,0.098626,-,2986847.000,USD,,,,
FORTINET INC,FTNT,34959E109,B5B2106,0.097625,-,7715885.000,USD,,,,
ROPER TECHNOLOGIES INC,ROP,776696106,2749602,0.097393,-,1279858.000,USD,,,,
ALLSTATE CORP,ALL,020002101,2019952,0.097010,-,3121802.000,USD,,,,
DIGITAL REALTY TRUST INC,DLR,253868103,B03GQS4,0.096818,-,3797929.000,USD,,,,
BECTON DICKINSON AND CO,BDX,075887109,2087807,0.096807,-,3411145.000,USD,,,,
KINDER MORGAN INC,KMI,49456B101,B3NQ4P8,0.095398,-,23166099.000,USD,,,,
CHIPOTLE MEXICAN GRILL INC,CMG,169656105,B0X7DZ3,0.095264,-,15885272.000,USD,,,,
FASTENAL CO,FAST,311900104,2332262,0.094607,-,13596085.000,USD,,,,
REALTY INCOME CORP,O,756109104,2724193,0.093538,-,10831798.000,USD,,,,
AFLAC INC,AFL,001055102,2026361,0.093377,-,5702279.000,USD,,,,
GENERAL MOTORS CO,GM,37045V100,B665KZ5,0.093098,-,11279744.000,USD,,,,
PHILLIPS 66,PSX,718546104,B78C4Y8,0.091990,-,4787590.000,USD,,,,
DATADOG INC   CLASS A,DDOG,23804L103,BKT9Y49,0.091963,-,3829049.000,USD,,,,
FEDEX CORP,FDX,31428X106,2142784,0.090270,-,2570980.000,USD,,,,
DOMINION ENERGY INC,D,25746U109,2542049,0.089948,-,10147805.000,USD,,,,
AIRBNB INC CLASS A,ABNB,009066101,BMGYYH4,0.089263,-,5083514.000,USD,,,,
WORKDAY INC CLASS A,WDAY,98138H101,B8K6ZD1,0.089209,-,2558668.000,USD,,,,
SLB LTD,SLB,806857108,2779201,0.087861,-,17674287.000,USD,,,,
PACCAR INC,PCAR,693718108,2665861,0.087523,-,6247629.000,USD,,,,
VALERO ENERGY CORP,VLO,91913Y100,2041364,0.087476,-,3679893.000,USD,,,,
IDEXX LABORATORIES INC,IDXX,45168D104,2459202,0.087378,-,947900.000,USD,,,,
DELL TECHNOLOGIES  C,DELL,24703L202,BHKD3S6,0.086244,-,3581980.000,USD,,,,
ROSS STORES INC,ROST,778296103,2746711,0.086189,-,3874273.000,USD,,,,
MONSTER BEVERAGE CORP,MNST,61174X109,BZ07BW4,0.084918,-,8442870.000,USD,,,,
XCEL ENERGY INC,XEL,98389B100,2614807,0.083900,-,7004541.000,USD,,,,
CARRIER GLOBAL CORP,CARR,14448C104,BK4N0D7,0.083040,-,9489121.000,USD,,,,
SEAGATE TECHNOLOGY HOLDINGS,STX,G7997R103,BKVD2N4,0.082703,-,2519030.000,USD,,,,
MONOLITHIC POWER SYSTEMS INC,MPWR,609839105,B01Z7J1,0.081921,-,570702.000,USD,,,,
BAKER HUGHES CO,BKR,05722G100,BDHLTQ5,0.081773,-,11677901.000,USD,,,,
EXELON CORP,EXC,30161N101,2670519,0.081612,-,11962447.000,USD,,,,
AMERICAN INTERNATIONAL GROUP,AIG,026874784,2027342,0.080657,-,6561480.000,USD,,,,
PUBLIC STORAGE,PSA,74460D109,2852533,0.080231,-,1870275.000,USD,,,,
AMERIPRISE FINANCIAL INC,AMP,03076C106,B0J7D57,0.080095,-,1116607.000,USD,,,,
FORD MOTOR CO,F,345370860,2615468,0.079547,-,46301416.000,USD,,,,
METLIFE INC,MET,59156R108,2573209,0.079424,-,6616371.000,USD,,,,
REPUBLIC SERVICES INC,RSG,760759100,2262530,0.079266,-,2403643.000,USD,,,,
ONEOK INC,OKE,682680103,2130109,0.079104,-,7468296.000,USD,,,,
ELECTRONIC ARTS INC,EA,285512109,2310194,0.078049,-,2666583.000,USD,,,,
TAKE TWO INTERACTIVE SOFTWRE,TTWO,874054109,2122117,0.077556,-,2053611.000,USD,,,,
BLOCK INC,XYZ,852234103,BYNZGK1,0.077260,-,6509047.000,USD,,,,
CBRE GROUP INC   A,CBRE,12504L109,B6WVMH3,0.077074,-,3471869.000,USD,,,,
EDWARDS LIFESCIENCES CORP,EW,28176E108,2567116,0.077074,-,6953820.000,USD,,,,
WARNER BROS DISCOVERY INC,WBD,934423104,BM8JYX3,0.076775,-,29325615.000,USD,,,,
MSCI INC,MSCI,55354G100,B2972D2,0.076480,-,921829.000,USD,,,,
DR HORTON INC,DHI,23331A109,2250687,0.076253,-,3284211.000,USD,,,,
ENTERGY CORP,ETR,29364G103,2317087,0.074781,-,5286697.000,USD,,,,
CORTEVA INC,CTVA,22052L104,BK73B42,0.074295,-,8044500.000,USD,,,,
WW GRAINGER INC,GWW,384802104,2380863,0.073967,-,522596.000,USD,,,,
GARMIN LTD,GRMN,H2906T109,B3Z5T14,0.073665,-,1937819.000,USD,,,,
AMETEK INC,AME,031100100,2089212,0.073618,-,2746143.000,USD,,,,
CROWN CASTLE INC,CCI,22822V101,BTGQCX1,0.073218,-,5189043.000,USD,,,,
EBAY INC,EBAY,278642103,2293819,0.072932,-,5412396.000,USD,,,,
WESTERN DIGITAL CORP,WDC,958102105,2954699,0.072852,-,4108188.000,USD,,,,
KROGER CO,KR,501044101,2497406,0.071809,-,7203481.000,USD,,,,
RESMED INC,RMD,761152107,2732903,0.071639,-,1733809.000,USD,,,,
PUBLIC SERVICE ENTERPRISE GP,PEG,744573106,2707677,0.071206,-,5948439.000,USD,,,,
TARGET CORP,TGT,87612E106,2259101,0.071169,-,5380910.000,USD,,,,
PAYCHEX INC,PAYX,704326107,2674458,0.070867,-,3825480.000,USD,,,,
NASDAQ INC,NDAQ,631103108,2965107,0.070604,-,5368526.000,USD,,,,
FAIR ISAAC CORP,FICO,303250104,2330299,0.070508,-,284255.000,USD,,,,
YUM  BRANDS INC,YUM,988498101,2098876,0.070239,-,3286831.000,USD,,,,
VULCAN MATERIALS CO,VMC,929160109,2931205,0.070213,-,1576055.000,USD,,,,
AGILENT TECHNOLOGIES INC,A,00846U101,2520153,0.069312,-,3363668.000,USD,,,,
COPART INC,CPRT,217204106,2208073,0.069115,-,10511788.000,USD,,,,
KIMBERLY CLARK CORP,KMB,494368103,2491839,0.068792,-,3929479.000,USD,,,,
ROCKWELL AUTOMATION INC,ROK,773903109,2754060,0.067836,-,1331619.000,USD,,,,
MARTIN MARIETTA MATERIALS,MLM,573284106,2572079,0.066485,-,713989.000,USD,,,,
CARDINAL HEALTH INC,CAH,14149Y108,2175672,0.065277,-,2827302.000,USD,,,,
SYSCO CORP,SYY,871829107,2868165,0.065176,-,5654814.000,USD,,,,
HARTFORD INSURANCE GROUP INC,HIG,416515104,2476193,0.064804,-,3329335.000,USD,,,,
DELTA AIR LINES INC,DAL,247361702,B1W9D46,0.064206,-,7681194.000,USD,,,,
WEC ENERGY GROUP INC,WEC,92939U106,BYY8XK8,0.063989,-,3815884.000,USD,,,,
P G + E CORP,PCG,69331C108,2689560,0.063666,-,26020375.000,USD,,,,
CONSOLIDATED EDISON INC,ED,209115104,2216850,0.063011,-,4270368.000,USD,,,,
XYLEM INC,XYL,98419M100,B3P2CN8,0.062897,-,2900327.000,USD,,,,
TARGA RESOURCES CORP,TRGP,87612G101,B55PZY3,0.062832,-,2548266.000,USD,,,,
MICROCHIP TECHNOLOGY INC,MCHP,595017104,2592174,0.062792,-,6411955.000,USD,,,,
PRUDENTIAL FINANCIAL INC,PRU,744320102,2819118,0.062762,-,4168344.000,USD,,,,
HUMANA INC,HUM,444859102,2445063,0.062096,-,1423741.000,USD,,,,
OTIS WORLDWIDE CORP,OTIS,68902V107,BK531S8,0.062055,-,4647080.000,USD,,,,
FIDELITY NATIONAL INFO SERV,FIS,31620M106,2769796,0.061666,-,6185045.000,USD,,,,
EQT CORP,EQT,26884L109,2319414,0.060982,-,7387338.000,USD,,,,
KEURIG DR PEPPER INC,KDP,49271V100,BD3W133,0.060656,-,16203539.000,USD,,,,
ARCH CAPITAL GROUP LTD,ACGL,G0450A105,2740542,0.059953,-,4400478.000,USD,,,,
HEWLETT PACKARD ENTERPRISE,HPE,42824C109,BYVYWS0,0.059812,-,15671707.000,USD,,,,
WABTEC CORP,WAB,929740108,2955733,0.059506,-,2038537.000,USD,,,,
GE HEALTHCARE TECHNOLOGY,GEHC,36266G107,BL6JPG8,0.059433,-,5405704.000,USD,,,,
IQVIA HOLDINGS INC,IQV,46266C105,BDR73G1,0.059077,-,2012472.000,USD,,,,
VERISK ANALYTICS INC,VRSK,92345Y106,B4P9W92,0.058948,-,1654409.000,USD,,,,
COSTAR GROUP INC,CSGP,22160N109,2262864,0.058134,-,5028537.000,USD,,,,
WILLIS TOWERS WATSON PLC,WTW,G96629103,BDB6Q21,0.058096,-,1154867.000,USD,,,,
VICI PROPERTIES INC,VICI,925652109,BYWH073,0.057892,-,12586778.000,USD,,,,
COGNIZANT TECH SOLUTIONS A,CTSH,192446102,2257019,0.057881,-,5782573.000,USD,,,,
STATE STREET CORP,STT,857477103,2842040,0.057354,-,3358698.000,USD,,,,
DUPONT DE NEMOURS INC,DD,26614N102,BK0VN47,0.057132,-,4981566.000,USD,,,,
NRG ENERGY INC,NRG,629377508,2212922,0.056137,-,2289932.000,USD,,,,
OCCIDENTAL PETROLEUM CORP,OXY,674599105,2655408,0.055848,-,8473157.000,USD,,,,
INTERACTIVE BROKERS GRO CL A,IBKR,45841N107,B1WT4X2,0.055567,-,5270136.000,USD,,,,
UNITED AIRLINES HOLDINGS INC,UAL,910047109,B4QG225,0.055020,-,3832944.000,USD,,,,
NUCOR CORP,NUE,670346105,2651086,0.054810,-,2717201.000,USD,,,,
CARNIVAL CORP,CCL,143658300,2523044,0.054402,-,12854474.000,USD,,,,
IRON MOUNTAIN INC,IRM,46284V101,BVFTF03,0.054399,-,3527210.000,USD,,,,
EMCOR GROUP INC,EME,29084Q100,2474164,0.053883,-,529774.000,USD,,,,
KENVUE INC,KVUE,49177J102,BQ84ZQ6,0.053866,-,22890981.000,USD,,,,
VENTAS INC,VTR,92276F100,2927925,0.053692,-,5395644.000,USD,,,,
EXTRA SPACE STORAGE INC,EXR,30225T102,B02HWR9,0.052739,-,2530645.000,USD,,,,
ARCHER DANIELS MIDLAND CO,ADM,039483102,2047317,0.052297,-,5743590.000,USD,,,,
EQUIFAX INC,EFX,294429105,2319146,0.051400,-,1465454.000,USD,,,,
KEYSIGHT TECHNOLOGIES IN,KEYS,49338L103,BQZJ0Q9,0.051332,-,2037232.000,USD,,,,
DTE ENERGY COMPANY,DTE,233331107,2280220,0.051224,-,2472371.000,USD,,,,
SUPER MICRO COMPUTER INC,SMCI,86800U302,BRC3N73,0.050932,-,5931131.000,USD,,,,
M + T BANK CORP,MTB,55261F104,2340168,0.050912,-,1849859.000,USD,,,,
RAYMOND JAMES FINANCIAL INC,RJF,754730109,2718992,0.050774,-,2100870.000,USD,,,,
INGERSOLL RAND INC,IR,45687V106,BL5GZ82,0.050740,-,4281113.000,USD,,,,
HERSHEY CO/THE,HSY,427866108,2422806,0.050471,-,1763598.000,USD,,,,
FIFTH THIRD BANCORP,FITB,316773100,2336747,0.049922,-,7835123.000,USD,,,,
TRACTOR SUPPLY COMPANY,TSCO,892356106,2900335,0.049502,-,6273585.000,USD,,,,
AMEREN CORPORATION,AEE,023608102,2050832,0.048868,-,3220182.000,USD,,,,
ATMOS ENERGY CORP,ATO,049560105,2315359,0.048732,-,1894780.000,USD,,,,
BROWN + BROWN INC,BRO,115236101,2692687,0.048693,-,3467490.000,USD,,,,
DIAMONDBACK ENERGY INC,FANG,25278X109,B7Y8YR3,0.048675,-,2231284.000,USD,,,,
TELEDYNE TECHNOLOGIES INC,TDY,879360105,2503477,0.048173,-,559830.000,USD,,,,
PPL CORP,PPL,69351T106,2680905,0.048082,-,8811023.000,USD,,,,
AMERICAN WATER WORKS CO INC,AWK,030420103,B2R3PV1,0.048016,-,2326548.000,USD,,,,
BROADRIDGE FINANCIAL SOLUTIO,BR,11133T103,B1VP7R6,0.047993,-,1386127.000,USD,,,,
METTLER TOLEDO INTERNATIONAL,MTD,592688105,2126249,0.047387,-,243741.000,USD,,,,
LENNAR CORP A,LEN,526057104,2511920,0.047361,-,2694280.000,USD,,,,
EVERSOURCE ENERGY,ES,30040W108,BVVN4Q8,0.047061,-,4375981.000,USD,,,,
DEXCOM INC,DXCM,252131107,B0796X4,0.046495,-,4687486.000,USD,,,,
OLD DOMINION FREIGHT LINE,ODFL,679580100,2656423,0.046373,-,2188730.000,USD,,,,
AVALONBAY COMMUNITIES INC,AVB,053484101,2131179,0.046265,-,1695887.000,USD,,,,
GENERAL MILLS INC,GIS,370334104,2367026,0.046068,-,6327653.000,USD,,,,
SYNCHRONY FINANCIAL,SYF,87165B103,BP96PS6,0.045734,-,4403554.000,USD,,,,
CINCINNATI FINANCIAL CORP,CINF,172062101,2196888,0.045086,-,1861032.000,USD,,,,
CENTERPOINT ENERGY INC,CNP,15189T107,2440637,0.045047,-,7781176.000,USD,,,,
VERALTO CORP,VLTO,92338C103,BPGMZQ5,0.044937,-,2952621.000,USD,,,,
EXPAND ENERGY CORP,EXE,165167735,BMZ5LZ5,0.044811,-,2817587.000,USD,,,,
CHARTER COMMUNICATIONS INC A,CHTR,16119P108,BZ6VT82,0.044121,-,1098882.000,USD,,,,
LEIDOS HOLDINGS INC,LDOS,525327102,BDV82B8,0.044036,-,1518022.000,USD,,,,
ULTA BEAUTY INC,ULTA,90384S303,B28TS42,0.044025,-,531696.000,USD,,,,
CBOE GLOBAL MARKETS INC,CBOE,12503M108,B5834C5,0.044002,-,1246305.000,USD,,,,
HP INC,HPQ,40434L105,BYX4D52,0.043968,-,11115588.000,USD,,,,
PULTEGROUP INC,PHM,745867101,2708841,0.043618,-,2334798.000,USD,,,,
EXPEDIA GROUP INC,EXPE,30212P303,B748CK2,0.043476,-,1398651.000,USD,,,,
NORTHERN TRUST CORP,NTRS,665859104,2648668,0.043300,-,2263026.000,USD,,,,
FIRST SOLAR INC,FSLR,336433107,B1HMF22,0.043280,-,1278249.000,USD,,,,
INTERNATIONAL PAPER CO,IP,460146103,2465254,0.043089,-,6310503.000,USD,,,,
TAPESTRY INC,TPR,876030107,BF09HX3,0.042227,-,2470302.000,USD,,,,
NETAPP INC,NTAP,64110D104,2630643,0.042213,-,2367902.000,USD,,,,
PTC INC,PTC,69370C100,B95N910,0.042199,-,1417499.000,USD,,,,
TRADE DESK INC/THE  CLASS A,TTD,88339J105,BD8FDD1,0.042187,-,5331583.000,USD,,,,
FIRSTENERGY CORP,FE,337932107,2100920,0.041728,-,6108470.000,USD,,,,
STERIS PLC,STE,G8473T100,BFY8C75,0.041576,-,1172395.000,USD,,,,
HUNTINGTON BANCSHARES INC,HBAN,446150104,2445966,0.041484,-,17348533.000,USD,,,,
LIVE NATION ENTERTAINMENT IN,LYV,538034109,B0T7YX2,0.041124,-,1874099.000,USD,,,,
WILLIAMS SONOMA INC,WSM,969904101,2967589,0.041089,-,1469188.000,USD,,,,
WR BERKLEY CORP,WRB,084423102,2093644,0.040624,-,3566291.000,USD,,,,
T ROWE PRICE GROUP INC,TROW,74144T108,2702337,0.040252,-,2599306.000,USD,,,,
LABCORP HOLDINGS INC,LH,504922105,BSBK800,0.039935,-,983368.000,USD,,,,
TERADYNE INC,TER,880770102,2884183,0.039803,-,1881008.000,USD,,,,
PPG INDUSTRIES INC,PPG,693506107,2698470,0.039704,-,2670684.000,USD,,,,
DOVER CORP,DOV,260003108,2278407,0.039481,-,1637588.000,USD,,,,
CITIZENS FINANCIAL GROUP,CFG,174610105,BQRX1X3,0.039215,-,5152391.000,USD,,,,
VERISIGN INC,VRSN,92343E102,2142922,0.039144,-,998547.000,USD,,,,
SMURFIT WESTROCK PLC,SW,G8267P108,BRK49M5,0.039141,-,6177140.000,USD,,,,
REGIONS FINANCIAL CORP,RF,7591EP100,B01R311,0.039074,-,10558014.000,USD,,,,
ESTEE LAUDER COMPANIES CL A,EL,518439104,2320524,0.039070,-,2788061.000,USD,,,,
TYLER TECHNOLOGIES INC,TYL,902252105,2909644,0.039044,-,515489.000,USD,,,,
KELLANOVA,K,487836108,2486813,0.038935,-,3210530.000,USD,,,,
HUBBELL INC,HUBB,443510607,BDFG6S3,0.038916,-,633671.000,USD,,,,
INSULET CORP,PODD,45784P101,B1XGNW4,0.038843,-,841331.000,USD,,,,
JABIL INC,JBL,466313103,2471789,0.038785,-,1283281.000,USD,,,,
NVR INC,NVR,62944T105,2637785,0.038704,-,34097.000,USD,,,,
BIOGEN INC,BIIB,09062X103,2455965,0.038437,-,1739803.000,USD,,,,
DEVON ENERGY CORP,DVN,25179M103,2480677,0.038430,-,7509576.000,USD,,,,
DARDEN RESTAURANTS INC,DRI,237194105,2289874,0.038246,-,1390775.000,USD,,,,
CMS ENERGY CORP,CMS,125896100,2219224,0.038205,-,3567022.000,USD,,,,
DOLLAR GENERAL CORP,DG,256677105,B5B1S13,0.037584,-,2616453.000,USD,,,,
EQUITY RESIDENTIAL,EQR,29476L107,2319157,0.037500,-,4111289.000,USD,,,,
CHURCH + DWIGHT CO INC,CHD,171340102,2195841,0.037499,-,2881761.000,USD,,,,
GLOBAL PAYMENTS INC,GPN,37940X102,2712013,0.037177,-,2869613.000,USD,,,,
KRAFT HEINZ CO/THE,KHC,500754106,BYRY499,0.037000,-,10081254.000,USD,,,,
NISOURCE INC,NI,65473P105,2645409,0.036149,-,5626896.000,USD,,,,
CORPAY INC,CPAY,219948106,BMX5GK7,0.036044,-,842722.000,USD,,,,
ON SEMICONDUCTOR,ON,682189105,2583576,0.036019,-,4837496.000,USD,,,,
HALLIBURTON CO,HAL,406216101,2405302,0.035729,-,10206988.000,USD,,,,
EDISON INTERNATIONAL,EIX,281020107,2829515,0.035720,-,4564986.000,USD,,,,
CDW CORP/DE,CDW,12514G108,BBM5MD6,0.035605,-,1550496.000,USD,,,,
STEEL DYNAMICS INC,STLD,858119100,2849472,0.035396,-,1650487.000,USD,,,,
QUEST DIAGNOSTICS INC,DGX,74834L100,2702791,0.035317,-,1334178.000,USD,,,,
CONSTELLATION BRANDS INC A,STZ,21036P108,2170473,0.035267,-,1688109.000,USD,,,,
SBA COMMUNICATIONS CORP,SBAC,78410G104,BZ6TS23,0.035157,-,1280542.000,USD,,,,
F5 INC,FFIV,315616102,2427599,0.034489,-,687955.000,USD,,,,
WATERS CORP,WAT,941848103,2937689,0.033994,-,708971.000,USD,,,,
ZIMMER BIOMET HOLDINGS INC,ZBH,98956P102,2783815,0.033789,-,2347474.000,USD,,,,
TRIMBLE INC,TRMB,896239100,2903958,0.033583,-,2851848.000,USD,,,,
WEST PHARMACEUTICAL SERVICES,WST,955306105,2950482,0.033416,-,852258.000,USD,,,,
PACKAGING CORP OF AMERICA,PKG,695156109,2504566,0.033246,-,1065202.000,USD,,,,
JACOBS SOLUTIONS INC,J,46982L108,BNGC0D3,0.033068,-,1435992.000,USD,,,,
LULULEMON ATHLETICA INC,LULU,550021109,B23FN39,0.032992,-,1289587.000,USD,,,,
GENUINE PARTS CO,GPC,372460105,2367480,0.032466,-,1659584.000,USD,,,,
GODADDY INC   CLASS A,GDDY,380237107,BWFRFC6,0.032422,-,1637487.000,USD,,,,
COTERRA ENERGY INC,CTRA,127097103,2162340,0.032352,-,9124158.000,USD,,,,
APTIV PLC,APTV,G3265R107,BTDN8H1,0.032167,-,2602515.000,USD,,,,
GARTNER INC,IT,366651107,2372763,0.031974,-,895500.000,USD,,,,
AMCOR PLC,AMCR,G0250X107,BJ1F307,0.031879,-,27332695.000,USD,,,,
TEXAS PACIFIC LAND CORP,TPL,88262P102,BM99VY2,0.031814,-,228141.000,USD,,,,
PENTAIR PLC,PNR,G7S00T104,BLS09M3,0.031713,-,1938360.000,USD,,,,
EVERGY INC,EVRG,30034W106,BFMXGR0,0.031149,-,2734834.000,USD,,,,
SNAP ON INC,SNA,833034101,2818740,0.031099,-,626419.000,USD,,,,
LENNOX INTERNATIONAL INC,LII,526107107,2442053,0.031066,-,382785.000,USD,,,,
CENTENE CORP,CNC,15135B101,2807061,0.031018,-,5512653.000,USD,,,,
WEYERHAEUSER CO,WY,962166104,2958936,0.030831,-,8529682.000,USD,,,,
ALLIANT ENERGY CORP,LNT,018802108,2973821,0.030487,-,3069553.000,USD,,,,
LOEWS CORP,L,540424108,2523022,0.030315,-,2010229.000,USD,,,,
FORTIVE CORP,FTV,34959J108,BYT3MK1,0.029691,-,4070828.000,USD,,,,
DOLLAR TREE INC,DLTR,256746108,2272476,0.029496,-,2294893.000,USD,,,,
SOUTHWEST AIRLINES CO,LUV,844741108,2831543,0.029481,-,6208127.000,USD,,,,
ESSEX PROPERTY TRUST INC,ESS,297178105,2316619,0.029479,-,768541.000,USD,,,,
KEYCORP,KEY,493267108,2490911,0.029170,-,11018766.000,USD,,,,
MCCORMICK + CO NON VTG SHRS,MKC,579780206,2550161,0.028887,-,2999504.000,USD,,,,
PRINCIPAL FINANCIAL GROUP,PFG,74251V102,2803014,0.028669,-,2395867.000,USD,,,,
ROLLINS INC,ROL,775711104,2747305,0.028595,-,3362076.000,USD,,,,
LAS VEGAS SANDS CORP,LVS,517834107,B02T2J7,0.028459,-,3650747.000,USD,,,,
EXPEDITORS INTL WASH INC,EXPD,302130109,2325507,0.028345,-,1604065.000,USD,,,,
DOW INC,DOW,260557103,BHXCF84,0.027948,-,8450385.000,USD,,,,
MID AMERICA APARTMENT COMM,MAA,59522J103,2589132,0.027645,-,1390580.000,USD,,,,
C.H. ROBINSON WORLDWIDE INC,CHRW,12541W209,2116228,0.027543,-,1404152.000,USD,,,,
INVITATION HOMES INC,INVH,46187W107,BD81GW9,0.027489,-,6665758.000,USD,,,,
INTL FLAVORS + FRAGRANCES,IFF,459506101,2464165,0.027390,-,3053345.000,USD,,,,
ZEBRA TECHNOLOGIES CORP CL A,ZBRA,989207105,2989356,0.027337,-,607922.000,USD,,,,
OMNICOM GROUP,OMC,681919106,2279303,0.027134,-,2328478.000,USD,,,,
TEXTRON INC,TXT,883203101,2885937,0.027006,-,2140349.000,USD,,,,
HOLOGIC INC,HOLX,436440101,2433530,0.026774,-,2677195.000,USD,,,,
ALLEGION PLC,ALLE,G0176J109,BFRT3W7,0.026580,-,1018859.000,USD,,,,
EVEREST GROUP LTD,EG,G3223R108,2556868,0.026549,-,503944.000,USD,,,,
GEN DIGITAL INC,GEN,668771108,BJN4XN5,0.026403,-,6623474.000,USD,,,,
TYSON FOODS INC CL A,TSN,902494103,2909730,0.026085,-,3400444.000,USD,,,,
DECKERS OUTDOOR CORP,DECK,243537107,2267278,0.026070,-,1753737.000,USD,,,,
BEST BUY CO INC,BBY,086516101,2094670,0.025942,-,2303782.000,USD,,,,
CF INDUSTRIES HOLDINGS INC,CF,125269100,B0G4K50,0.025705,-,1936825.000,USD,,,,
CLOROX COMPANY,CLX,189054109,2204026,0.025580,-,1461626.000,USD,,,,
BUILDERS FIRSTSOURCE INC,BLDR,12008R107,B0BV2M7,0.025046,-,1321192.000,USD,,,,
KIMCO REALTY CORP,KIM,49446R109,2491594,0.024979,-,8017492.000,USD,,,,
MASCO CORP,MAS,574599106,2570200,0.024910,-,2473740.000,USD,,,,
COOPER COS INC/THE,COO,216648501,BQPDXR3,0.024378,-,2370940.000,USD,,,,
INCYTE CORP,INCY,45337C102,2471950,0.023921,-,1914495.000,USD,,,,
TKO GROUP HOLDINGS INC,TKO,87256C101,BQBBFD1,0.023153,-,814905.000,USD,,,,
HEALTHPEAK PROPERTIES INC,DOC,42250P103,BJBLRK3,0.023036,-,8350848.000,USD,,,,
BALL CORP,BALL,058498106,2073022,0.022906,-,3214136.000,USD,,,,
DOMINO S PIZZA INC,DPZ,25754A201,B01SD70,0.022314,-,368759.000,USD,,,,
NORDSON CORP,NDSN,655663102,2641838,0.022225,-,648143.000,USD,,,,
AVERY DENNISON CORP,AVY,053611109,2066408,0.022151,-,934607.000,USD,,,,
IDEX CORP,IEX,45167R104,2456612,0.022008,-,901130.000,USD,,,,
RALPH LAUREN CORP,RL,751212101,B4V9661,0.022003,-,456968.000,USD,,,,
FOX CORP   CLASS A,FOXA,35137L105,BJJMGL2,0.021825,-,2479100.000,USD,,,,
LYONDELLBASELL INDU CL A,LYB,N53745100,B3SPXZ3,0.021735,-,3050433.000,USD,,,,
UNIVERSAL HEALTH SERVICES B,UHS,913903100,2923785,0.020517,-,683254.000,USD,,,,
VIATRIS INC,VTRS,92556V106,BMWS3X9,0.020467,-,14028228.000,USD,,,,
REGENCY CENTERS CORP,REG,758849103,2726177,0.020382,-,1954534.000,USD,,,,
BAXTER INTERNATIONAL INC,BAX,071813109,2085102,0.020336,-,6108483.000,USD,,,,
ALEXANDRIA REAL ESTATE EQUIT,ARE,015271109,2009210,0.020242,-,1838872.000,USD,,,,
SKYWORKS SOLUTIONS INC,SWKS,83088M102,2961053,0.019982,-,1794298.000,USD,,,,
HUNTINGTON INGALLS INDUSTRIE,HII,446413106,B40SSC9,0.019973,-,469288.000,USD,,,,
BUNGE GLOBAL SA,BG,H11356104,BQ6BPG9,0.019938,-,1652646.000,USD,,,,
JM SMUCKER CO/THE,SJM,832696405,2951452,0.019742,-,1273661.000,USD,,,,
STANLEY BLACK + DECKER INC,SWK,854502101,B3Q2FJ4,0.019611,-,1842362.000,USD,,,,
HUNT (JB) TRANSPRT SVCS INC,JBHT,445658107,2445416,0.019348,-,902187.000,USD,,,,
CAMDEN PROPERTY TRUST,CPT,133131102,2166320,0.019244,-,1275973.000,USD,,,,
MOLINA HEALTHCARE INC,MOH,60855R100,2212706,0.019242,-,647992.000,USD,,,,
PINNACLE WEST CAPITAL,PNW,723484101,2048804,0.019207,-,1427379.000,USD,,,,
ASSURANT INC,AIZ,04621X108,2331430,0.019191,-,598109.000,USD,,,,
MOSAIC CO/THE,MOS,61945C103,B3NPHP6,0.019187,-,3768713.000,USD,,,,
JACK HENRY + ASSOCIATES INC,JKHY,426281101,2469193,0.019081,-,872579.000,USD,,,,
GLOBE LIFE INC,GL,37959E102,BK6YKG1,0.019029,-,955910.000,USD,,,,
AKAMAI TECHNOLOGIES INC,AKAM,00971T101,2507457,0.018997,-,1692079.000,USD,,,,
DAYFORCE INC,DAY,15677J108,BFX1V56,0.018952,-,1887567.000,USD,,,,
REVVITY INC,RVTY,714046109,2305844,0.018918,-,1408708.000,USD,,,,
INVESCO LTD,IVZ,G491BT108,B28XP76,0.018914,-,5385354.000,USD,,,,
ALBEMARLE CORP,ALB,012653101,2046853,0.018874,-,1406621.000,USD,,,,
UDR INC,UDR,902653104,2727910,0.018829,-,3591986.000,USD,,,,
FACTSET RESEARCH SYSTEMS INC,FDS,303075105,2329770,0.018688,-,453694.000,USD,,,,
SOLVENTUM CORP,SOLV,83444M101,BMTQB43,0.018595,-,1754386.000,USD,,,,
BXP INC,BXP,101121101,2019479,0.018587,-,1739200.000,USD,,,,
AES CORP,AES,00130H105,2002479,0.018341,-,8508789.000,USD,,,,
NORWEGIAN CRUISE LINE HOLDIN,NCLH,G66721104,B9CGTC3,0.018299,-,5280651.000,USD,,,,
HOST HOTELS + RESORTS INC,HST,44107P104,2567503,0.017943,-,7545515.000,USD,,,,
NEWS CORP   CLASS A,NWSA,65249B109,BBGVT40,0.017903,-,4527743.000,USD,,,,
GENERAC HOLDINGS INC,GNRC,368736104,B6197Q2,0.017800,-,709961.000,USD,,,,
INTERPUBLIC GROUP OF COS INC,IPG,460690100,2466321,0.017752,-,4446709.000,USD,,,,
WYNN RESORTS LTD,WYNN,983134107,2963811,0.017719,-,995989.000,USD,,,,
PAYCOM SOFTWARE INC,PAYC,70432V102,BL95MY0,0.017488,-,582707.000,USD,,,,
HASBRO INC,HAS,418056107,2414580,0.017353,-,1569181.000,USD,,,,
POOL CORP,POOL,73278L105,2781585,0.017103,-,387363.000,USD,,,,
BIO TECHNE CORP,TECH,09073M104,BSHZ3Q0,0.016715,-,1886091.000,USD,,,,
MODERNA INC,MRNA,60770K107,BGSXTS3,0.016546,-,4049579.000,USD,,,,
LAMB WESTON HOLDINGS INC,LW,513272104,BDQZFJ3,0.015942,-,1701682.000,USD,,,,
ALIGN TECHNOLOGY INC,ALGN,016255101,2679204,0.015857,-,814161.000,USD,,,,
CONAGRA BRANDS INC,CAG,205887102,2215460,0.015604,-,5699125.000,USD,,,,
APA CORP,APA,03743Q108,BNNF1C1,0.015525,-,4312504.000,USD,,,,
EPAM SYSTEMS INC,EPAM,29414B104,B44Z3T8,0.014973,-,677333.000,USD,,,,
CHARLES RIVER LABORATORIES,CRL,159864107,2604336,0.014906,-,587171.000,USD,,,,
SMITH (A.O.) CORP,AOS,831865209,2816023,0.014448,-,1389166.000,USD,,,,
ERIE INDEMNITY COMPANY CL A,ERIE,29530P102,2311711,0.014321,-,298625.000,USD,,,,
MATCH GROUP INC,MTCH,57667L107,BK80XH9,0.013784,-,2836319.000,USD,,,,
MOLSON COORS BEVERAGE CO   B,TAP,60871R209,B067BM3,0.013705,-,2053792.000,USD,,,,
FOX CORP   CLASS B,FOX,35137L204,BJJMGY5,0.013660,-,1736384.000,USD,,,,
LKQ CORP,LKQ,501889208,2971029,0.013486,-,3102947.000,USD,,,,
FEDERAL REALTY INVS TRUST,FRT,313745101,BN7P9B2,0.013250,-,928178.000,USD,,,,
FRANKLIN RESOURCES INC,BEN,354613101,2350684,0.012747,-,3692446.000,USD,,,,
EASTMAN CHEMICAL CO,EMN,277432100,2298386,0.012623,-,1383652.000,USD,,,,
HORMEL FOODS CORP,HRL,440452100,2437264,0.012159,-,3478048.000,USD,,,,
CARMAX INC,KMX,143130102,2983563,0.011821,-,1820927.000,USD,,,,
MGM RESORTS INTERNATIONAL,MGM,552953101,2547419,0.011691,-,2471936.000,USD,,,,
HENRY SCHEIN INC,HSIC,806407102,2416962,0.011488,-,1212787.000,USD,,,,
MOHAWK INDUSTRIES INC,MHK,608190104,2598699,0.011223,-,627342.000,USD,,,,
THE CAMPBELL S COMPANY,CPB,134429109,2162845,0.010463,-,2344961.000,USD,,,,
PARAMOUNT SKYDANCE CL B,PSKY,69932A204,BSNMNQ5,0.010012,-,3698295.000,USD,,,,
BROWN FORMAN CORP CLASS B,BF.B,115637209,2146838,0.008843,-,2172847.000,USD,,,,
DAVITA INC,DVA,23918K108,2898087,0.007841,-,418987.000,USD,,,,
NEWS CORP   CLASS B,NWS,65249B208,BBGVT51,0.006411,-,1436392.000,USD,,,,
,,,,,,,,,,,
"Past performance is not a reliable indicator of future performance. Investment return and principal value will fluctuate, so you may have a gain or loss when shares are sold. Current performance may be higher or lower than that quoted. All results are historical and assume the reinvestment of dividends and capital gains. Visit www.ssga.com for most recent month-end performance. ",,,,,,,,,,,
,,,,,,,,,,,
,,,,,,,,,,,
,,,,,,,,,,,
"Portfolio holdings, allocations and weightings are as of the date indicated, are subject to change and should not be considered a recommendation to buy individual securities. For most recent information visit www.ssga.com.",,,,,,,,,,,
,,,,,,,,,,,
,,,,,,,,,,,
"Bonds generally present less short-term risk and volatility than stocks, but contain interest rate risk (as interest rates raise, bond prices usually fall); issuer default risk; issuer credit risk; liquidity risk; and inflation risk. These effects are usually pronounced for longer-term securities. Any fixed income security sold or redeemed prior to maturity may be subject to a substantial gain or loss.

International Government bonds and corporate bonds generally have more moderate short-term price fluctuations than stocks, but provide lower potential long-term returns.
Investing in high yield fixed income securities, otherwise known as ""junk bonds"", is considered speculative and involves greater risk of loss of principal and interest than investing in investment grade fixed income securities. These Lower-quality debt securities involve greater risk of default or price changes due to potential changes in the credit quality of the issuer.

Equity securities may fluctuate in value and can decline significantly in response to the activities of individual companies and general market and economic conditions.

There are risks associated with investing in Real Assets and the Real Assets sector, including real estate, precious metals and natural resources.  Investments can be significantly affected by events relating to these industries.

Investing in foreign domiciled securities may involve risk of capital loss from unfavorable fluctuation in currency values, withholding taxes, from differences in generally accepted accounting principles or from economic or political instability in other nations.  Investments in emerging or developing markets may be more volatile and less liquid than investing in developed markets and may involve exposure to economic structures that are generally less diverse and mature and to political systems which have less stability than those of more developed countries. 

The trademarks and service marks referenced herein are the property of their respective owners. Third party data providers make no warranties or representations of any kind relating to the accuracy, completeness or timeliness of the data and have no liability for damages of any kind relating to the use of such data. Investing involves risk including the risk of loss of principal.

The whole or any part of this work may not be reproduced, copied or transmitted or any of its contents disclosed to third parties without SSGA's express written consent.

ETFs trade like stocks, are subject to investment risk and will fluctuate in market value. The investment return and principal value of an investment will fluctuate in value, so that when shares are sold or redeemed, they may be worth more or less than when they were purchased.  Although shares may be bought or sold on an exchange through any brokerage account, shares are not individually redeemable from the fund.  Investors may acquire shares and tender them for redemption through the fund in large aggregations known as “creation units.”  Please see the fund’s prospectus for more details.

Investing in REITs involves certain distinct risks in addition to those risks associated with investing in the real estate industry in general. Equity REITs may be affected by changes in the value of the underlying property owned by the REITs, while mortgage REITs may be affected by the quality of credit extended. REITs are subject to heavy cash flow dependency, default by borrowers and self-liquidation. REITs, especially mortgage REITs, are also subject to interest rate risk (i.e., as interest rates rise, the value of the REIT may decline).

Multi-Cap investments include exposure to all market caps, including small and medium capitalization (“cap”) stocks that generally have a higher risk of business failure, lesser liquidity and greater volatility in market price. As a consequence, small and medium cap stocks have a greater possibility of price decline or loss as compared to large cap stocks. This may cause the Fund not to meet its investment objective. 

Concentrated investments in a particular Sector tend to be more volatile than the overall market and increases risk that events negatively affecting such sectors or industries could reduce returns, potentially causing the value of the Fund’s shares to decrease.

Technology companies, including cyber security companies, can be significantly affected by obsolescence of existing technology, limited product lines, and competition for financial resources, qualified personnel, new market entrants or impairment of patent and intellectual property rights that can adversely affect profit margins.

This communication is not intended to be an investment recommendation or investment advice and should not be relied upon as such.

The information provided does not constitute investment advice and it should not be relied on as such. It should not be considered a solicitation to buy or an offer to sell a security. It does not take into account any investor's particular investment objectives, strategies, tax status or investment horizon.  You should consult your tax and financial advisor.

The S&P 500® Index is a product of S&P Dow Jones Indices LLC or its affiliates (“S&P DJI”) and have been licensed for use by State Street Global Advisors.  S&P®, SPDR®, S&P 500®,US 500 and the 500 are trademarks of Standard & Poor’s Financial Services LLC (“S&P”); Dow Jones® is a registered trademark of Dow Jones Trademark Holdings LLC (“Dow Jones”) and has been licensed for use by S&P Dow Jones Indices; and these trademarks have been licensed for use by S&P DJI and sublicensed for certain purposes by State Street Global Advisors. The fund is not sponsored, endorsed, sold or promoted by S&P DJI, Dow Jones, S&P, their respective affiliates, and none of such parties make any representation regarding the advisability of investing in such product(s) nor do they have any liability for any errors, omissions, or interruptions of these indices.

The returns on a portfolio of securities which exclude companies that do not meet the portfolio's specified ESG criteria may trail the returns on a portfolio of securities which include such companies. A portfolio's ESG criteria may result in the portfolio investing in industry sectors or securities which underperform the market as a whole. 

If your account holds Russian securities and instruments, then as of the date of this publication, they have been fair valued.  Such fair value may be zero.  If your portfolio holds such Russian securities and instruments, then the portfolio may not be able to dispose of such securities and instruments depending on the relevant market, applicable sanctions requirements, and/or Russian capital controls or other counter measures. In such circumstances, the portfolio would continue to own and have exposure to Russian-related issuers and markets.  Please refer to your portfolio holdings report. ",,,,,,,,,,,
,,,,,,,,,,,
,,,,,,,,,,,
,,,,,,,,,,,
,,,,,,,,,,,
,,,,,,,,,,,
,,,,,,,,,,,
,,,,,,,,,,,
,,,,,,,,,,,
,,,,,,,,,,,
,,,,,,,,,,,
,,,,,,,,,,,
,,,,,,,,,,,
,,,,,,,,,,,
,,,,,,,,,,,
,,,,,,,,,,,
,,,,,,,,,,,
,,,,,,,,,,,
,,,,,,,,,,,
,,,,,,,,,,,
,,,,,,,,,,,
,,,,,,,,,,,
,,,,,,,,,,,
,,,,,,,,,,,
,,,,,,,,,,,
,,,,,,,,,,,
,,,,,,,,,,,
,,,,,,,,,,,
,,,,,,,,,,,
,,,,,,,,,,,
,,,,,,,,,,,
,,,,,,,,,,,
,,,,,,,,,,,
,,,,,,,,,,,
,,,,,,,,,,,
,,,,,,,,,,,
,,,,,,,,,,,
,,,,,,,,,,,
,,,,,,,,,,,
,,,,,,,,,,,
,,,,,,,,,,,
,,,,,,,,,,,
,,,,,,,,,,,
,,,,,,,,,,,
,,,,,,,,,,,
,,,,,,,,,,,
,,,,,,,,,,,
,,,,,,,,,,,
,,,,,,,,,,,
,,,,,,,,,,,
,,,,,,,,,,,
,,,,,,,,,,,
,,,,,,,,,,,
,,,,,,,,,,,
,,,,,,,,,,,
,,,,,,,,,,,
,,,,,,,,,,,
,,,,,,,,,,,
,,,,,,,,,,,
"DoubleLine® is a registered trademark of DoubleLine Capital LP.

Investing involves risk including the risk of loss of principal.

All information is from SSGA unless otherwise noted and has been obtained from sources believed to be reliable, but its accuracy is not guaranteed.  There is no representation or warranty as to the current accuracy, reliability or completeness of, nor liability for, decisions based on such information and it should not be relied on as such. ",,,,,,,,,,,
,,,,,,,,,,,
,,,,,,,,,,,
,,,,,,,,,,,
,,,,,,,,,,,
,,,,,,,,,,,
,,,,,,,,,,,
,,,,,,,,,,,
"Distributor: State Street Global Advisors Funds Distributors, LLC, member FINRA(http://www.finra.org), SIPC(http://www.sipc.org), an indirect wholly owned subsidiary of State Street Corporation. References to State Street may include State Street Corporation and its affiliates. Certain State Street affiliates provide services and receive fees from the SPDR ETFs. ALPS Distributors, Inc., member FINRA, is the distributor for DIA, MDY and SPY, all unit investment trusts. ALPS Portfolio Solutions Distributor, Inc., member FINRA, is the distributor for Select Sector SPDRs. ALPS Distributors, Inc. and ALPS Portfolio Solutions Distributor, Inc. are not affiliated with State Street Global Advisors Funds Distributors, LLC.

State Street Global Advisors Funds Distributors, LLC is the distributor for some registered products on behalf of the adviser. SSGA Funds Management has retained Blackstone Liquid Credit Strategies LLC, Nuveen Asset Management, DoubleLine Capital LP, Loomis Sayles and Galaxy Digital Capital Management LP as the sub-adviser. State Street Global Advisors Funds Distributors, LLC is not affiliated with Blackstone Liquid Credit Strategies LLC DoubleLine Capital LP, Nuveen Asset Management, Loomis Sayles or Galaxy Digital Capital Management LP.",,,,,,,,,,,
,,,,,,,,,,,
,,,,,,,,,,,
,,,,,,,,,,,
,,,,,,,,,,,
,,,,,,,,,,,
,,,,,,,,,,,
,,,,,,,,,,,
,,,,,,,,,,,
"Before investing, consider the funds’ investment objectives, risks, charges and expenses. To obtain a prospectus or summary prospectus, this contains this and other information, call 1-866-787-2257 or visit www.ssga.com. Read it carefully.

Not FDIC Insured * No Bank Guarantee * May Lose Value

© 2025 State Street Corporation - All Rights Reserved.
State Street Global Advisors Funds Distributors, LLC, One Iron Street, Boston, MA 02210

4503082.7.4.AM.RTL
Expiration: 01/31/2026
SPD004038",,,,,,,,,,,
,,,,,,,,,,,
,,,,,,,,,,,
,,,,,,,,,,,
,,,,,,,,,,,
,,,,,,,,,,,
,,,,,,,,,,,
,,,,,,,,,,,
,,,,,,,,,,,
,,,,,,,,,,,
,,,,,,,,,,,